Symbol;Position;Type;Lots;Open time;Open price;Close time;Close price;Profit;Net profit;Comment
EURUSD;600535019;Buy;0.02;14.04.2022 17:57:43;1.07946;14.04.2022 18:20:37;1.08232;129.04;129.04;
EURUSD;600534647;Sell Stop;0.02;14.04.2022 17:57:09;1.07907;14.04.2022 17:57:36;1.07939;-14.51;-14.51;[S/L]
EURUSD;600530443;Buy Stop;0.02;14.04.2022 17:52:00;1.0794;14.04.2022 17:56:17;1.07898;-19;-19.00;[S/L]
EURUSD;600528317;Buy Stop;0.02;14.04.2022 17:50:02;1.07924;14.04.2022 17:51:40;1.07888;-16.29;-16.29;[S/L]
GM.US;600445658;Sell;2;14.04.2022 16:43:43;40.45;14.04.2022 16:59:52;40.4;2.26;2.26;
MARA.US;600460505;Buy Stop;3;14.04.2022 16:53:12;21.02;14.04.2022 17:21:50;21.07;3.39;3.39;[S/L]
EURUSD;600436167;Sell Stop;0.02;14.04.2022 16:38:20;1.07834;14.04.2022 16:42:27;1.07829;2.27;2.27;[S/L]
EURUSD;600425258;Sell Stop;0.02;14.04.2022 16:31:20;1.07888;14.04.2022 16:36:31;1.07883;2.27;2.27;[S/L]
EURUSD;600419644;Sell Stop;0.02;14.04.2022 16:27:08;1.07895;14.04.2022 16:28:25;1.07946;-23.11;-23.11;[S/L]
EURUSD;600400612;Buy Stop;0.02;14.04.2022 16:15:15;1.07858;14.04.2022 16:18:12;1.07861;1.36;1.36;[S/L]
EURUSD;600400387;Sell;0.02;14.04.2022 16:15:03;1.07817;14.04.2022 16:15:13;1.07858;-18.59;-18.59;
EURUSD;600392488;Buy Stop;0.02;14.04.2022 16:10:21;1.07841;14.04.2022 16:14:53;1.07809;-14.49;-14.49;[S/L]
EURUSD;599915644;Sell Stop;0.02;14.04.2022 09:47:23;1.09084;14.04.2022 10:07:08;1.0908;1.79;1.79;[S/L]
EURUSD;599913758;Buy Stop;0.02;14.04.2022 09:45:29;1.09119;14.04.2022 09:46:26;1.09098;-9.4;-9.40;[S/L]
EURUSD;599900749;Sell Stop;0.02;14.04.2022 09:34:47;1.09073;14.04.2022 09:37:14;1.09096;-10.31;-10.31;[S/L]
EURUSD;599895282;Sell Stop;0.02;14.04.2022 09:30:14;1.09085;14.04.2022 09:33:06;1.09082;1.34;1.34;[S/L]
EURUSD;599583254;Buy Stop;0.02;13.04.2022 20:13:15;1.08774;13.04.2022 20:25:30;1.08808;15.24;15.24;[S/L]
EURUSD;599576276;Buy Stop;0.02;13.04.2022 20:05:47;1.08745;13.04.2022 20:10:43;1.08748;1.35;1.35;[S/L]
EURUSD;599571993;Sell;0.02;13.04.2022 20:00:35;1.08724;13.04.2022 20:05:45;1.08746;-9.9;-9.90;
EURUSD;599570154;Buy Stop;0.01;13.04.2022 19:59:03;1.08753;13.04.2022 20:00:31;1.08724;-6.51;-6.51;[S/L]
EURUSD;599559497;Sell;0.02;13.04.2022 19:43:58;1.08782;13.04.2022 19:58:28;1.08754;12.59;12.59;
EURUSD;599568307;Buy;0.01;13.04.2022 19:56:36;1.08763;13.04.2022 19:57:01;1.08743;-4.49;-4.49;
EURUSD;599558415;Sell;0.02;13.04.2022 19:42:26;1.08784;13.04.2022 19:43:11;1.08814;-13.49;-13.49;
EURUSD;599528677;Buy Stop;0.02;13.04.2022 19:08:50;1.08793;13.04.2022 19:25:46;1.08796;1.35;1.35;[S/L]
EURUSD;599523349;Sell;0.02;13.04.2022 19:03:02;1.0879;13.04.2022 19:08:44;1.08793;-1.35;-1.35;
EURUSD;599518018;Buy Stop;0.02;13.04.2022 18:56:46;1.08823;13.04.2022 19:03:02;1.0879;-14.8;-14.80;[S/L]
EURUSD;599372583;Buy;0.02;13.04.2022 16:48:47;1.08364;13.04.2022 17:11:29;1.08506;63.87;63.87;
EURUSD;599357591;Sell Stop;0.02;13.04.2022 16:38:10;1.08319;13.04.2022 16:41:23;1.08317;0.9;0.90;[S/L]
EURUSD;599329596;Sell Stop;0.02;13.04.2022 16:21:29;1.08334;13.04.2022 16:30:07;1.08332;0.9;0.90;[S/L]
EURUSD;599305557;Sell Stop;0.01;13.04.2022 16:06:20;1.08217;13.04.2022 16:10:45;1.0826;-9.71;-9.71;[S/L]
EURUSD;599296520;Sell Stop;0.02;13.04.2022 16:01:53;1.08148;13.04.2022 16:02:39;1.08186;-17.18;-17.18;[S/L]
EURUSD;599222283;Buy Stop;0.02;13.04.2022 15:30:39;1.08159;13.04.2022 15:31:48;1.08122;-16.7;-16.70;[S/L]
EURUSD;599212758;Sell;0.02;13.04.2022 15:22:50;1.08138;13.04.2022 15:27:33;1.08138;0;0;
EURUSD;599085659;Sell;0.02;13.04.2022 13:39:58;1.0842;13.04.2022 13:55:07;1.08318;46.09;46.09;
EURUSD;598853391;Buy;0.02;13.04.2022 09:30:29;1.08292;13.04.2022 09:49:06;1.08346;24.34;24.34;
EURUSD;598784300;Sell Stop;0.02;13.04.2022 08:31:42;1.0827;13.04.2022 08:41:35;1.08299;-13.11;-13.11;[S/L]
EURUSD;598779920;Buy Stop;0.02;13.04.2022 08:27:33;1.08352;13.04.2022 08:28:09;1.08312;-18.05;-18.05;[S/L]
EURUSD;598777922;Buy;0.02;13.04.2022 08:25:15;1.08361;13.04.2022 08:25:50;1.08331;-13.53;-13.53;
EURUSD;598775366;Buy Stop;0.02;13.04.2022 08:22:56;1.08394;13.04.2022 08:23:26;1.08346;-21.64;-21.64;[S/L]
EURUSD;598423830;Sell;0.02;12.04.2022 19:08:15;1.08417;12.04.2022 19:29:36;1.08359;26.2;26.20;
EURUSD;598422995;Buy;0.02;12.04.2022 19:07:11;1.08452;12.04.2022 19:08:12;1.08418;-15.32;-15.32;
LCID.US;598170619;Sell;3;12.04.2022 16:01:18;22.36;12.04.2022 16:52:14;21.61;50.48;50.48;
GM.US;598221429;Sell;2;12.04.2022 16:30:58;40.41;12.04.2022 16:51:47;40.39;0.9;0.90;
GM.US;598104557;Sell Stop;2;12.04.2022 15:32:41;39.82;12.04.2022 15:37:32;40.29;-21.1;-21.10;[S/L]
LCID.US;598098244;Sell Stop;3;12.04.2022 15:30:28;22.55;12.04.2022 15:54:55;22.47;5.39;5.39;[S/L]
EURUSD;597695164;Buy Stop;0.02;12.04.2022 09:47:14;1.08646;12.04.2022 10:04:02;1.08668;9.89;9.89;[S/L]
EURUSD;597672605;Buy Stop;0.02;12.04.2022 09:31:28;1.0862;12.04.2022 09:43:01;1.08625;2.25;2.25;[S/L]
EURUSD;597592591;Buy Stop;0.02;12.04.2022 08:19:19;1.08679;12.04.2022 08:22:01;1.08643;-16.18;-16.18;[S/L]
EURUSD;597348718;Sell;0.02;11.04.2022 20:59:36;1.08902;11.04.2022 22:01:58;1.08857;20.25;20.25;
EURUSD;597344137;Sell Stop;0.02;11.04.2022 20:53:01;1.08917;11.04.2022 20:58:21;1.08914;1.35;1.35;[S/L]
EURUSD;597343370;Buy;0.02;11.04.2022 20:52:19;1.08944;11.04.2022 20:52:53;1.08922;-9.85;-9.85;
EURUSD;597332470;Sell;0.02;11.04.2022 20:36:36;1.08935;11.04.2022 20:51:54;1.08941;-2.69;-2.69;
EURUSD;597332451;Sell Stop;0.02;11.04.2022 20:36:30;1.08934;11.04.2022 20:36:31;1.08944;-4.49;-4.49;[S/L]
EURUSD;597321741;Sell Stop;0.02;11.04.2022 20:22:22;1.08871;11.04.2022 20:23:22;1.08897;-11.68;-11.68;[S/L]
EURUSD;597311405;Sell;0.02;11.04.2022 20:10:07;1.08855;11.04.2022 20:17:56;1.08882;-12.13;-12.13;
EURUSD;597300960;Sell Stop;0.02;11.04.2022 19:54:41;1.08835;11.04.2022 20:07:48;1.08864;-13.03;-13.03;[S/L]
EURUSD;597290211;Sell Stop;0.02;11.04.2022 19:38:22;1.08817;11.04.2022 19:44:21;1.08849;-14.38;-14.38;[S/L]
EURUSD;597278913;Sell Stop;0.02;11.04.2022 19:23:41;1.08776;11.04.2022 19:26:08;1.08807;-13.93;-13.93;[S/L]
EURUSD;597198968;Buy;0.02;11.04.2022 18:05:13;1.0875;11.04.2022 18:50:39;1.08819;30.94;30.94;
MARA.US;597088041;Sell;3;11.04.2022 16:32:48;22.51;11.04.2022 17:30:41;22.28;15.48;15.48;
MARA.US;597078058;Sell Stop;3;11.04.2022 16:27:04;22.37;11.04.2022 16:32:10;22.69;-21.53;-21.53;[S/L]
EURUSD;596861988;Sell Stop;0.02;11.04.2022 14:32:33;1.08972;11.04.2022 14:44:00;1.0897;0.9;0.90;[S/L]
EURUSD;596633538;Buy Stop;0.02;11.04.2022 11:05:23;1.09068;11.04.2022 11:50:42;1.09215;65.74;65.74;[S/L]
EURUSD;596620019;Buy;0.02;11.04.2022 10:49:59;1.09071;11.04.2022 11:03:51;1.09047;-10.75;-10.75;
EURUSD;596610929;Sell Stop;0.02;11.04.2022 10:42:06;1.0907;11.04.2022 10:48:38;1.09067;1.35;1.35;[S/L]
EURUSD;596606795;Buy Stop;0.02;11.04.2022 10:38:24;1.09101;11.04.2022 10:43:00;1.09063;-17.01;-17.01;[S/L]
EURUSD;596591866;Buy Stop;0.02;11.04.2022 10:27:27;1.0911;11.04.2022 10:35:56;1.09092;-8.06;-8.06;[S/L]
EURUSD;596588650;Buy;0.02;11.04.2022 10:25:07;1.0911;11.04.2022 10:26:21;1.09077;-14.79;-14.79;
EURUSD;596558013;Buy Stop;0.02;11.04.2022 10:07:02;1.09088;11.04.2022 10:21:38;1.091;5.38;5.38;[S/L]
EURUSD;596546914;Sell Stop;0.02;11.04.2022 09:57:27;1.0908;11.04.2022 09:59:30;1.09077;1.35;1.35;[S/L]
EURUSD;596545779;Buy Stop;0.02;11.04.2022 09:56:10;1.0911;11.04.2022 09:57:10;1.09084;-11.64;-11.64;[S/L]
CARDANO;596133091;Sell Stop;50;09.04.2022 15:52:49;1.0366;09.04.2022 18:27:25;1.0351;1.69;1.69;[S/L]
CARDANO;596132293;Buy;50;09.04.2022 15:40:52;1.0461;09.04.2022 15:52:44;1.0367;-10.54;-10.54;
CARDANO;596119503;Sell;50;09.04.2022 12:09:40;1.0331;09.04.2022 15:40:06;1.046;-14.51;-14.51;
EURUSD;595903358;Buy;0.02;08.04.2022 18:08:43;1.08729;08.04.2022 18:29:06;1.08741;5.39;5.39;
EURUSD;595901301;Sell Stop;0.02;08.04.2022 18:06:18;1.08696;08.04.2022 18:08:30;1.08723;-12.16;-12.16;[S/L]
EURUSD;595896397;Buy Stop;0.02;08.04.2022 18:00:28;1.08743;08.04.2022 18:05:59;1.08711;-14.38;-14.38;[S/L]
EURUSD;595757923;Buy Stop;0.02;08.04.2022 16:18:30;1.08489;08.04.2022 16:56:41;1.08704;96.6;96.60;[S/L]
EURUSD;595742301;Buy;0.02;08.04.2022 16:11:04;1.08463;08.04.2022 16:16:16;1.08427;-16.23;-16.23;
LCID.US;595666593;Sell Stop;4;08.04.2022 15:39:13;22.06;08.04.2022 15:45:44;22.03;2.71;2.71;[S/L]
EURUSD;595512419;Buy;0.02;08.04.2022 14:09:39;1.08587;08.04.2022 14:20:26;1.08597;4.51;4.51;
EURUSD;595502507;Buy Stop;0.02;08.04.2022 13:59:19;1.08641;08.04.2022 14:01:27;1.08596;-20.28;-20.28;[S/L]
GBPUSD;595496167;Buy Stop;0.02;08.04.2022 13:49:46;1.3028;08.04.2022 13:53:21;1.30237;-19.36;-19.36;[S/L]
EURUSD;595353265;Buy Stop;0.02;08.04.2022 10:39:22;1.08663;08.04.2022 10:45:40;1.08668;2.25;2.25;[S/L]
EURUSD;595351508;Sell Stop;0.02;08.04.2022 10:36:36;1.08638;08.04.2022 10:39:16;1.08666;-12.64;-12.64;[S/L]
GBPUSD;595345395;Sell Stop;0.02;08.04.2022 10:27:52;1.30471;08.04.2022 10:38:50;1.30468;1.35;1.35;[S/L]
EURUSD;595343417;Buy;0.02;08.04.2022 10:25:17;1.08741;08.04.2022 10:26:23;1.08725;-7.21;-7.21;
EURUSD;595333759;Sell Stop;0.02;08.04.2022 10:15:18;1.0873;08.04.2022 10:22:49;1.08759;-13.08;-13.08;[S/L]
EURUSD;595323776;Sell Stop;0.02;08.04.2022 10:05:30;1.08725;08.04.2022 10:07:39;1.08768;-19.39;-19.39;[S/L]
EURUSD;595304414;Sell Stop;0.02;08.04.2022 09:46:22;1.08552;08.04.2022 09:49:37;1.08577;-11.3;-11.30;[S/L]
EURUSD;595226566;Sell Stop;0.02;08.04.2022 08:16:13;1.08665;08.04.2022 08:24:42;1.08693;-12.64;-12.64;[S/L]
EURUSD;595055702;Sell Stop;0.02;07.04.2022 21:42:36;1.08708;07.04.2022 21:56:25;1.08705;1.35;1.35;[S/L]
EURUSD;595053193;Sell;0.02;07.04.2022 21:40:12;1.08706;07.04.2022 21:41:50;1.08734;-12.63;-12.63;
EURUSD;595028772;Buy;0.02;07.04.2022 21:15:44;1.08768;07.04.2022 21:18:09;1.08741;-12.15;-12.15;
EURUSD;595001503;Buy Stop;0.02;07.04.2022 20:48:41;1.08753;07.04.2022 21:11:28;1.08754;0.45;0.45;[S/L]
EURUSD;594997240;Buy Stop;0.02;07.04.2022 20:42:20;1.08785;07.04.2022 20:45:52;1.08746;-17.55;-17.55;[S/L]
EURUSD;594992803;Buy Stop;0.02;07.04.2022 20:35:40;1.08811;07.04.2022 20:41:09;1.08778;-14.85;-14.85;[S/L]
GBPUSD;594971155;Sell;0.02;07.04.2022 20:13:01;1.30659;07.04.2022 20:14:17;1.30689;-13.52;-13.52;
EURUSD;594962648;Buy Stop;0.02;07.04.2022 20:03:50;1.08834;07.04.2022 20:29:06;1.08837;1.35;1.35;[S/L]
GBPUSD;594950160;Sell;0.02;07.04.2022 19:53:10;1.3067;07.04.2022 20:01:35;1.30669;0.45;0.45;
EURUSD;594953773;Buy Stop;0.02;07.04.2022 19:56:26;1.08818;07.04.2022 20:02:32;1.08821;1.35;1.35;[S/L]
DBX.US;594754565;Sell Stop;3;07.04.2022 17:18:49;22.57;07.04.2022 21:03:01;22.8;-15.51;-15.51;[S/L]
EURUSD;594594864;Sell Stop;0.02;07.04.2022 15:52:12;1.0924;07.04.2022 16:01:00;1.09136;46.84;46.84;[S/L]
EURUSD;594593303;Sell Stop;0.02;07.04.2022 15:51:23;1.09227;07.04.2022 15:51:38;1.09267;-17.98;-17.98;[S/L]
EURUSD;594538009;Buy Stop;0.02;07.04.2022 15:23:42;1.09268;07.04.2022 15:38:19;1.09287;8.51;8.51;[S/L]
EURUSD;594534011;Sell Stop;0.02;07.04.2022 15:19:24;1.0919;07.04.2022 15:21:09;1.09225;-15.73;-15.73;[S/L]
EURUSD;594522079;Buy Stop;0.02;07.04.2022 15:08:29;1.09178;07.04.2022 15:12:51;1.09187;4.04;4.04;[S/L]
EURUSD;594515134;Sell Stop;0.02;07.04.2022 15:03:35;1.0909;07.04.2022 15:06:45;1.0913;-18;-18.00;[S/L]
EURUSD;594447701;Buy Stop;0.02;07.04.2022 14:08:49;1.09133;07.04.2022 14:57:09;1.09163;13.47;13.47;[S/L]
EURUSD;594351702;Sell;0.02;07.04.2022 12:35:25;1.08901;07.04.2022 12:48:16;1.08901;0;0;
EURUSD;594329426;Buy;0.02;07.04.2022 12:01:53;1.08951;07.04.2022 12:35:22;1.08904;-21.13;-21.13;
EURUSD;594327761;Sell;0.02;07.04.2022 11:59:45;1.08923;07.04.2022 12:01:24;1.08938;-6.76;-6.76;
EURUSD;594326944;Buy;0.02;07.04.2022 11:58:24;1.08964;07.04.2022 11:59:42;1.08928;-16.2;-16.20;
EURUSD;594326179;Sell;0.02;07.04.2022 11:57:20;1.08929;07.04.2022 11:58:20;1.0896;-13.97;-13.97;
EURUSD;594323629;Buy;0.02;07.04.2022 11:54:09;1.08933;07.04.2022 11:56:49;1.08928;-2.25;-2.25;
EURUSD;594319843;Sell;0.02;07.04.2022 11:48:46;1.08929;07.04.2022 11:52:56;1.08941;-5.41;-5.41;
EURUSD;594296720;Sell Stop;0.02;07.04.2022 11:19:51;1.08722;07.04.2022 11:27:35;1.08721;0.45;0.45;[S/L]
EURUSD;594292122;Buy Stop;0.02;07.04.2022 11:14:26;1.08792;07.04.2022 11:19:40;1.08746;-20.71;-20.71;[S/L]
EURUSD;594284710;Buy Stop;0.02;07.04.2022 11:05:31;1.08802;07.04.2022 11:08:19;1.0876;-18.91;-18.91;[S/L]
EURUSD;594281417;Buy;0.02;07.04.2022 11:01:48;1.08794;07.04.2022 11:04:45;1.08769;-11.26;-11.26;
EURUSD;594278022;Buy Stop;0.02;07.04.2022 10:58:00;1.08803;07.04.2022 11:00:16;1.08763;-18.02;-18.02;[S/L]
EURUSD;594277563;Sell;0.02;07.04.2022 10:57:38;1.08769;07.04.2022 10:57:55;1.088;-13.98;-13.98;
EURUSD;594276280;Buy;0.02;07.04.2022 10:56:30;1.08798;07.04.2022 10:57:33;1.0877;-12.61;-12.61;
EURUSD;594272580;Sell Stop;0.02;07.04.2022 10:52:30;1.08783;07.04.2022 10:53:21;1.08796;-5.86;-5.86;[S/L]
EURUSD;594258755;Buy Stop;0.02;07.04.2022 10:34:14;1.08848;07.04.2022 10:36:04;1.08806;-18.91;-18.91;[S/L]
EURUSD;594229098;Sell;0.02;07.04.2022 10:05:33;1.08986;07.04.2022 10:27:59;1.08861;56.37;56.37;
EURUSD;594218922;Sell Stop;0.02;07.04.2022 09:57:44;1.08971;07.04.2022 10:04:25;1.09006;-15.75;-15.75;[S/L]
GBPUSD;594166778;Sell Stop;0.02;07.04.2022 09:13:03;1.31024;07.04.2022 09:23:02;1.3107;-20.68;-20.68;[S/L]
EURUSD;594154954;Buy Stop;0.02;07.04.2022 09:03:48;1.09172;07.04.2022 09:12:26;1.09134;-17.04;-17.04;[S/L]
EURUSD;594143670;Sell Stop;0.02;07.04.2022 08:51:11;1.09185;07.04.2022 09:02:04;1.09185;0;0;[S/L]
EURUSD;594141071;Buy;0.02;07.04.2022 08:46:51;1.0922;07.04.2022 08:51:05;1.09191;-12.97;-12.97;
GBPUSD;594137249;Buy;0.02;07.04.2022 08:42:23;1.30888;07.04.2022 08:45:38;1.30865;-10.29;-10.29;
EURUSD;594137598;Buy Stop;0.02;07.04.2022 08:42:50;1.09243;07.04.2022 08:45:26;1.09203;-17.89;-17.89;[S/L]
EURUSD;594132814;Sell;0.02;07.04.2022 08:34:09;1.09245;07.04.2022 08:37:53;1.09216;12.99;12.99;
EURUSD;594131451;Buy Stop;0.02;07.04.2022 08:32:09;1.09274;07.04.2022 08:33:32;1.09239;-15.65;-15.65;[S/L]
EURUSD;593946306;Buy;0.02;06.04.2022 21:43:49;1.08969;06.04.2022 21:47:36;1.0898;4.93;4.93;
EURUSD;593942005;Sell;0.02;06.04.2022 21:38:50;1.0893;06.04.2022 21:40:33;1.08963;-14.85;-14.85;
GBPUSD;593936240;Sell;0.02;06.04.2022 21:34:17;1.3067;06.04.2022 21:39:10;1.30658;5.4;5.40;
EURUSD;593928332;Sell;0.02;06.04.2022 21:27:29;1.0896;06.04.2022 21:32:00;1.0898;-9;-9.00;
EURUSD;593908853;Sell Stop;0.02;06.04.2022 21:12:04;1.08991;06.04.2022 21:22:42;1.08988;1.35;1.35;[S/L]
EURUSD;593903838;Sell;0.02;06.04.2022 21:07:49;1.08989;06.04.2022 21:11:15;1.09021;-14.41;-14.41;
EURUSD;593884764;Buy;0.02;06.04.2022 20:57:58;1.08984;06.04.2022 21:06:44;1.09024;17.96;17.96;
EURUSD;593882238;Sell;0.02;06.04.2022 20:56:24;1.08955;06.04.2022 20:57:43;1.08992;-16.65;-16.65;
EURUSD;593872990;Sell Stop;0.02;06.04.2022 20:49:30;1.08924;06.04.2022 20:53:03;1.08955;-13.96;-13.96;[S/L]
EURUSD;593869398;Sell;0.02;06.04.2022 20:46:27;1.08898;06.04.2022 20:46:52;1.08937;-17.56;-17.56;
EURUSD;593863127;Sell Stop;0.02;06.04.2022 20:42:17;1.08839;06.04.2022 20:44:08;1.08887;-21.62;-21.62;[S/L]
EURUSD;593833953;Buy Stop;0.02;06.04.2022 20:28:14;1.08835;06.04.2022 20:37:12;1.08854;8.53;8.53;[S/L]
EURUSD;593831511;Buy Stop;0.02;06.04.2022 20:27:11;1.08863;06.04.2022 20:27:29;1.08822;-18.42;-18.42;[S/L]
EURUSD;593751450;Sell Stop;0.02;06.04.2022 19:57:51;1.09032;06.04.2022 20:02:03;1.09064;-14.39;-14.39;[S/L]
EURUSD;593402341;Sell Stop;0.02;06.04.2022 15:57:55;1.09169;06.04.2022 16:23:36;1.09112;25.57;25.57;[S/L]
OPEN.US;593331975;Sell Stop;7;06.04.2022 15:30:24;8;06.04.2022 15:34:52;7.96;6.26;6.26;[S/L]
EURUSD;592998818;Buy Stop;0.02;06.04.2022 10:25:01;1.09035;06.04.2022 11:16:17;1.09149;51.01;51.01;[S/L]
EURUSD;592916327;Sell;0.02;06.04.2022 09:23:14;1.0898;06.04.2022 09:32:25;1.08906;33.18;33.18;
EURUSD;592866678;Buy;0.02;06.04.2022 08:41:39;1.08827;06.04.2022 09:05:45;1.08848;9.4;9.40;
EURUSD;592816993;Buy Stop;0.02;06.04.2022 07:36:52;1.08983;06.04.2022 07:47:21;1.08936;-20.98;-20.98;[S/L]
EURUSD;592718618;Buy Stop;0.02;06.04.2022 02:32:09;1.09005;06.04.2022 02:47:21;1.0896;-20.08;-20.08;[S/L]
EURUSD;592656100;Buy;0.02;05.04.2022 21:55:18;1.09027;05.04.2022 22:55:11;1.09047;8.92;8.92;
EURUSD;592650079;Buy Stop;0.02;05.04.2022 21:50:44;1.09021;05.04.2022 21:54:25;1.09016;-2.23;-2.23;[S/L]
EURUSD;592569365;Sell;0.02;05.04.2022 20:28:22;1.09109;05.04.2022 20:43:34;1.09056;23.72;23.72;
EURUSD;592549223;Buy;0.02;05.04.2022 20:02:21;1.09147;05.04.2022 20:25:01;1.09111;-16.05;-16.05;
EURUSD;592498396;Buy Stop;0.02;05.04.2022 19:05:30;1.09147;05.04.2022 19:49:16;1.0911;-16.5;-16.50;[S/L]
EURUSD;592494069;Sell Stop;0.02;05.04.2022 19:00:39;1.09121;05.04.2022 19:03:00;1.09154;-14.74;-14.74;[S/L]
EURUSD;592491071;Buy;0.02;05.04.2022 18:56:36;1.09152;05.04.2022 19:00:36;1.09121;-13.82;-13.82;
EURUSD;592486308;Sell;0.02;05.04.2022 18:51:06;1.09139;05.04.2022 18:55:14;1.09156;-7.59;-7.59;
EURUSD;592485083;Buy;0.02;05.04.2022 18:49:54;1.09159;05.04.2022 18:50:50;1.09141;-8.03;-8.03;
EURUSD;592482566;Sell;0.02;05.04.2022 18:47:01;1.09133;05.04.2022 18:49:39;1.09149;-7.15;-7.15;
EURUSD;592469725;Buy Stop;0.02;05.04.2022 18:31:28;1.09185;05.04.2022 18:45:20;1.09141;-19.62;-19.62;[S/L]
EURUSD;592449247;Buy;0.01;05.04.2022 18:13:39;1.09177;05.04.2022 18:22:54;1.09155;-4.9;-4.90;
EURUSD;592453086;Buy Stop;0.01;05.04.2022 18:17:06;1.09205;05.04.2022 18:22:15;1.09157;-10.7;-10.70;[S/L]
EURUSD;591936458;Sell Stop;0.02;05.04.2022 12:43:02;1.09587;05.04.2022 12:48:53;1.0963;-19.12;-19.12;[S/L]
EURUSD;591838164;Buy Stop;0.02;05.04.2022 11:00:20;1.09691;05.04.2022 11:41:39;1.09791;44.29;44.29;[S/L]
EURUSD;591835140;Buy Stop;0.02;05.04.2022 10:57:25;1.09692;05.04.2022 10:59:05;1.09669;-10.2;-10.20;[S/L]
EURUSD;591824427;Sell Stop;0.02;05.04.2022 10:45:00;1.09669;05.04.2022 10:49:38;1.09667;0.89;0.89;[S/L]
EURUSD;591823250;Sell Stop;0.02;05.04.2022 10:43:04;1.09668;05.04.2022 10:43:54;1.09696;-12.44;-12.44;[S/L]
EURUSD;591727005;Buy Stop;0.02;05.04.2022 09:15:34;1.09744;05.04.2022 10:06:31;1.0978;15.95;15.95;[S/L]
EURUSD;591689686;Buy Stop;0.02;05.04.2022 08:39:04;1.09733;05.04.2022 09:12:32;1.09737;1.77;1.77;[S/L]
EURUSD;591512450;Sell;0.02;04.04.2022 21:23:58;1.09725;04.04.2022 21:33:59;1.09714;4.89;4.89;
EURUSD;591471804;Buy;0.02;04.04.2022 20:19:22;1.0964;04.04.2022 20:46:44;1.09665;11.08;11.08;
EURUSD;591459708;Buy Stop;0.02;04.04.2022 20:04:39;1.09644;04.04.2022 20:15:57;1.09648;1.77;1.77;[S/L]
EURUSD;591452888;Sell Stop;0.02;04.04.2022 19:54:31;1.09654;04.04.2022 20:02:00;1.09651;1.33;1.33;[S/L]
EURUSD;591328098;Sell Stop;0.02;04.04.2022 17:26:40;1.09906;04.04.2022 17:27:32;1.09934;-12.41;-12.41;[S/L]
EURUSD;591261772;Buy Stop;0.02;04.04.2022 16:40:41;1.09822;04.04.2022 17:42:56;1.09938;51.28;51.28;[S/L]
EURUSD;591252834;Buy Stop;0.02;04.04.2022 16:35:09;1.09833;04.04.2022 16:40:13;1.0979;-19.03;-19.03;[S/L]
EURUSD;591222112;Buy Stop;0.02;04.04.2022 16:18:07;1.09852;04.04.2022 16:29:17;1.09814;-16.81;-16.81;[S/L]
EURUSD;591200847;Buy;0.02;04.04.2022 16:07:57;1.09857;04.04.2022 16:16:58;1.09826;-13.71;-13.71;
EURUSD;591186757;Buy Stop;0.02;04.04.2022 16:02:24;1.09891;04.04.2022 16:07:06;1.0984;-22.56;-22.56;[S/L]
EURUSD;591178252;Buy Stop;0.02;04.04.2022 15:59:56;1.09927;04.04.2022 16:00:16;1.09892;-15.47;-15.47;[S/L]
NOV.US;591103988;Buy Stop;4;04.04.2022 15:30:22;20.56;04.04.2022 15:38:02;20.14;-37.13;-37.13;[S/L]
EURUSD;591061818;Buy Stop;0.02;04.04.2022 14:54:02;1.09996;04.04.2022 15:10:50;1.09962;-15.02;-15.02;[S/L]
EURUSD;591060370;Sell;0.02;04.04.2022 14:52:23;1.0997;04.04.2022 14:53:53;1.09997;-11.96;-11.96;
EURUSD;591060175;Buy;0.02;04.04.2022 14:52:08;1.10011;04.04.2022 14:52:19;1.09976;-15.47;-15.47;
EURUSD;591058508;Buy;0.02;04.04.2022 14:50:31;1.10018;04.04.2022 14:51:35;1.09991;-11.93;-11.93;
EURUSD;591025767;Buy Stop;0.02;04.04.2022 14:24:09;1.10078;04.04.2022 14:47:28;1.10029;-21.64;-21.64;[S/L]
EURUSD;590888353;Sell Stop;0.02;04.04.2022 11:40:24;1.10193;04.04.2022 12:06:54;1.10136;25.2;25.20;[S/L]
EURUSD;590883795;Buy;0.02;04.04.2022 11:36:11;1.10232;04.04.2022 11:40:20;1.10196;-15.88;-15.88;
EURUSD;590882228;Sell Stop;0.02;04.04.2022 11:34:40;1.10191;04.04.2022 11:35:55;1.10224;-14.59;-14.59;[S/L]
EURUSD;590865670;Sell Stop;0.02;04.04.2022 11:17:47;1.10256;04.04.2022 11:20:30;1.1029;-15.03;-15.03;[S/L]
EURUSD;590833812;Sell Stop;0.02;04.04.2022 10:40:11;1.10334;04.04.2022 11:01:51;1.10261;32.25;32.25;[S/L]
EURUSD;590832711;Buy Stop;0.02;04.04.2022 10:38:57;1.10385;04.04.2022 10:40:03;1.10333;-22.92;-22.92;[S/L]
EURUSD;590825111;Sell;0.02;04.04.2022 10:30:24;1.10347;04.04.2022 10:33:28;1.1038;-14.57;-14.57;
CARDANO;590426733;Sell Stop;50;02.04.2022 17:07:03;1.1692;02.04.2022 18:02:37;1.1672;2.21;2.21;[S/L]
CARDANO;590413000;Buy Stop;50;02.04.2022 14:12:35;1.1852;02.04.2022 17:06:27;1.1688;-18.06;-18.06;[S/L]
CARDANO;590399315;Buy Stop;50;02.04.2022 11:09:29;1.1863;02.04.2022 14:10:31;1.1726;-15.08;-15.08;[S/L]
CARDANO;590316397;Sell Stop;50;01.04.2022 21:04:48;1.1637;02.04.2022 04:00:00;1.1812;-19.33;-19.69;[S/L]
EURUSD;590297977;Sell;0.01;01.04.2022 20:36:33;1.10449;01.04.2022 21:00:43;1.10409;8.84;8.84;
EURUSD;590312491;Sell Stop;0.01;01.04.2022 20:59:23;1.1039;01.04.2022 21:00:17;1.10419;-6.41;-6.41;[S/L]
GBPUSD;590311794;Sell Stop;0.01;01.04.2022 20:58:32;1.31064;01.04.2022 21:02:07;1.31103;-8.62;-8.62;[S/L]
GBPUSD;590306461;Sell Stop;0.01;01.04.2022 20:49:39;1.31028;01.04.2022 20:52:53;1.31064;-7.96;-7.96;[S/L]
GBPUSD;590303682;Sell Stop;0.01;01.04.2022 20:45:16;1.31045;01.04.2022 20:57:05;1.31089;-9.73;-9.73;[S/L]
GBPUSD;590300412;Buy;0.01;01.04.2022 20:40:20;1.31073;01.04.2022 20:40:30;1.31043;-6.61;-6.61;
GBPUSD;590214993;Sell;0.02;01.04.2022 18:58:00;1.31029;01.04.2022 19:24:08;1.30972;25.2;25.20;
EURUSD;590217674;Sell Stop;0.02;01.04.2022 19:00:52;1.10384;01.04.2022 19:18:20;1.10369;6.63;6.63;[S/L]
GBPUSD;590213470;Sell Stop;0.01;01.04.2022 18:55:34;1.31068;01.04.2022 18:59:59;1.31059;1.99;1.99;[S/L]
EURUSD;590208351;Buy Stop;0.01;01.04.2022 18:47:33;1.10464;01.04.2022 18:56:36;1.10418;-10.14;-10.14;[S/L]
GBPUSD;590202657;Sell;0.02;01.04.2022 18:40:27;1.31039;01.04.2022 18:42:58;1.31068;-12.82;-12.82;
EURUSD;590197720;Buy;0.02;01.04.2022 18:35:33;1.10452;01.04.2022 18:40:29;1.10429;-10.14;-10.14;
GBPUSD;590200253;Buy Stop;0.02;01.04.2022 18:37:44;1.31121;01.04.2022 18:39:24;1.31076;-19.84;-19.84;[S/L]
EURUSD;590158716;Buy Stop;0.02;01.04.2022 17:55:50;1.10422;01.04.2022 18:33:09;1.10425;1.32;1.32;[S/L]
GBPUSD;590156336;Buy Stop;0.02;01.04.2022 17:53:42;1.3113;01.04.2022 18:30:59;1.31088;-18.52;-18.52;[S/L]
EURUSD;590096069;Buy;0.01;01.04.2022 17:05:17;1.10336;01.04.2022 17:50:18;1.10364;6.18;6.18;
GBPUSD;590137901;Sell Stop;0.02;01.04.2022 17:37:53;1.31045;01.04.2022 17:42:01;1.31091;-20.32;-20.32;[S/L]
GBPUSD;590010782;Sell;0.02;01.04.2022 16:19:27;1.31059;01.04.2022 16:32:18;1.30893;73.52;73.52;
EURUSD;590031858;Buy;0.01;01.04.2022 16:29:43;1.10331;01.04.2022 16:30:29;1.10314;-3.76;-3.76;
EURUSD;590000853;Buy Stop;0.02;01.04.2022 16:13:23;1.10475;01.04.2022 16:18:02;1.1044;-15.46;-15.46;[S/L]
EURUSD;589971780;Sell Stop;0.02;01.04.2022 15:57:16;1.10456;01.04.2022 16:02:00;1.10486;-13.27;-13.27;[S/L]
EURUSD;589951252;Buy;0.02;01.04.2022 15:47:18;1.10449;01.04.2022 15:50:54;1.10437;-5.3;-5.30;
GBPUSD;589955793;Sell Stop;0.02;01.04.2022 15:49:45;1.30967;01.04.2022 15:55:49;1.30962;2.21;2.21;[S/L]
EURUSD;589939330;Buy;0.02;01.04.2022 15:41:59;1.10435;01.04.2022 15:45:22;1.10412;-10.15;-10.15;
EURUSD;589916551;Sell Stop;0.02;01.04.2022 15:33:30;1.10389;01.04.2022 15:34:54;1.10431;-18.57;-18.57;[S/L]
EURUSD;589817524;Sell Stop;0.02;01.04.2022 14:31:38;1.10383;01.04.2022 14:31:59;1.10427;-19.45;-19.45;[S/L]
EURUSD;589775294;Sell Stop;0.02;01.04.2022 13:45:30;1.10513;01.04.2022 13:50:00;1.10547;-15.01;-15.01;[S/L]
EURUSD;589733680;Buy Stop;0.02;01.04.2022 12:54:12;1.10624;01.04.2022 12:57:44;1.10575;-21.59;-21.59;[S/L]
EURUSD;589728232;Buy Stop;0.02;01.04.2022 12:47:45;1.10615;01.04.2022 12:48:39;1.10581;-14.98;-14.98;[S/L]
EURUSD;589720143;Sell Stop;0.02;01.04.2022 12:37:39;1.10571;01.04.2022 12:47:45;1.10615;-19.42;-19.42;[S/L]
EURUSD;589681816;Buy;0.02;01.04.2022 11:42:14;1.10464;01.04.2022 11:48:19;1.10448;-7.06;-7.06;
EURUSD;589657711;Sell Stop;0.02;01.04.2022 11:20:01;1.10512;01.04.2022 11:22:02;1.10508;1.77;1.77;[S/L]
EURUSD;589656337;Sell Stop;0.02;01.04.2022 11:18:02;1.10515;01.04.2022 11:18:55;1.10543;-12.36;-12.36;[S/L]

